Date,Open,High,Low,Close,Adjusted Close,Volume,Dividend Amount,Split Coefficient
2024-11-14,180.07,184.025,176.03,177.35,177.35,57284923,0.0,0.0
2024-11-08,171.24,182.58,169.485,179.86,179.86,87525742,0.0,0.0
2024-11-01,170.59,183.79,165.79,172.65,172.65,154027430,0.0,0.0
2024-10-25,164.58,167.6,162.77,166.99,166.99,63427787,0.0,0.0
2024-10-18,164.91,169.09,164.37,165.05,165.05,62984200,0.0,0.0
2024-10-11,169.14,169.9,161.12,164.52,164.52,69271481,0.0,0.0
2024-10-04,164.78,170.44,164.64,168.56,168.56,67897583,0.0,0.0
2024-09-27,165.34,166.97,162.03,165.29,165.29,79869152,0.0,0.0
2024-09-20,158.33,164.99,157.61,164.64,164.64,106889717,0.0,0.0
2024-09-13,153.63,159.275,148.2,158.37,158.37,105208976,0.2,0.0
2024-09-06,163.315,163.38,151.935,152.13,151.9268,81614670,0.0,0.0
2024-08-30,168.155,169.38,161.982,165.11,164.8895,76549810,0.0,0.0
2024-08-23,167.0,170.41,165.03,167.43,167.2064,74398234,0.0,0.0
2024-08-16,165.995,166.95,159.53,164.74,164.52,82914081,0.0,0.0
2024-08-09,157.37,165.94,156.6,165.39,165.1691,119671444,0.0,0.0
2024-08-02,170.5,175.91,166.39,168.4,168.1751,79186109,0.0,0.0
2024-07-26,182.35,185.22,165.865,168.68,168.4547,125445177,0.0,0.0
2024-07-19,186.49,190.34,178.21,179.39,179.1504,74685776,0.0,0.0
2024-07-12,191.365,193.31,186.14,186.78,186.5305,65276536,0.0,0.0
2024-07-05,184.48,192.26,182.73,191.96,191.7036,46083874,0.0,0.0
2024-06-28,181.28,187.5,180.23,183.42,183.175,86549749,0.0,0.0
2024-06-21,176.98,182.5117,175.62,180.26,180.0192,107394306,0.0,0.0
2024-06-14,176.45,182.08,174.38,178.37,178.1318,78443581,0.2,0.0
2024-06-07,173.88,179.42,172.45,175.95,175.5163,79015349,0.0,0.0
2024-05-31,175.74,178.51,170.97,173.96,173.5312,77608374,0.0,0.0
2024-05-24,177.31,179.95,174.54,176.33,175.8953,74722470,0.0,0.0
2024-05-17,165.847,177.495,165.76,177.29,176.853,93129957,0.0,0.0
2024-05-10,169.22,173.47,167.89,170.29,169.8702,81498360,0.0,0.0
2024-05-03,170.77,171.38,164.5,168.99,168.5734,130366736,0.0,0.0
2024-04-26,156.01,176.42,152.768,173.69,173.2618,145543548,0.0,0.0
2024-04-19,160.28,160.83,153.91,155.72,155.3361,88287847,0.0,0.0
2024-04-12,154.015,161.7,153.99,159.19,158.7976,88886712,0.0,0.0
2024-04-05,151.83,157.0,151.081,153.94,153.5605,99063191,0.0,0.0
2024-03-28,150.95,153.2,148.8,152.26,151.8847,72155014,0.0,0.0
2024-03-22,149.37,152.93,147.01,151.77,151.3959,122251892,0.0,0.0
2024-03-15,137.07,144.73,137.07,142.17,141.8195,138034249,0.0,0.0
2024-03-08,136.54,138.985,131.55,136.29,135.954,145796702,0.0,0.0
2024-03-01,143.45,143.84,136.64,138.08,137.7396,150542225,0.0,0.0
2024-02-23,140.94,146.2,140.8,145.29,144.9318,72669314,0.0,0.0
2024-02-16,149.54,150.59,141.52,141.76,141.4105,100615837,0.0,0.0
2024-02-09,144.04,150.695,143.91,150.22,149.8497,112327237,0.0,0.0
2024-02-02,153.64,155.2,138.17,143.54,143.1861,159059758,0.0,0.0
2024-01-26,148.71,154.76,147.19,153.79,153.4109,95825230,0.0,0.0
2024-01-19,143.43,148.04,140.51,147.97,147.6052,83141319,0.0,0.0
2024-01-12,138.0,146.66,137.88,144.24,143.8844,85336700,0.0,0.0
2024-01-05,139.6,141.09,136.85,137.39,137.0513,72439660,0.0,0.0
2023-12-29,142.98,143.945,139.9,140.93,140.5826,55504881,0.0,0.0
2023-12-22,133.86,143.25,133.77,142.72,142.3682,116423741,0.0,0.0
2023-12-15,133.82,135.035,131.06,133.84,133.5101,164714404,0.0,0.0
2023-12-08,131.294,140.0,129.4,136.64,136.3032,121053433,0.0,0.0
2023-12-01,137.57,139.67,132.1517,133.32,132.9913,110129490,0.0,0.0
2023-11-24,135.5,141.1,135.49,138.22,137.8793,63375922,0.0,0.0
2023-11-17,133.36,138.8799,132.77,136.94,136.6024,97773343,0.0,0.0
2023-11-10,130.22,134.27,129.93,134.06,133.7295,88534117,0.0,0.0
2023-11-03,124.46,130.73,123.88,130.37,130.0486,115446773,0.0,0.0
2023-10-27,136.23,140.7099,121.46,123.4,123.0958,177386966,0.0,0.0
2023-10-20,139.73,141.99,136.245,136.74,136.4029,99875893,0.0,0.0
2023-10-13,137.99,142.38,136.7,138.58,138.2384,93921028,0.0,0.0
2023-10-06,132.155,139.1857,132.065,138.73,138.388,98436744,0.0,0.0
2023-09-29,130.77,134.89,128.19,131.85,131.525,95231747,0.0,0.0
2023-09-22,137.63,139.93,130.51,131.25,130.9264,92605426,0.0,0.0
2023-09-15,137.38,139.55,134.93,138.3,137.9591,116812048,0.0,0.0
2023-09-08,136.44,137.515,133.9601,137.2,136.8618,68340506,0.0,0.0
2023-09-01,132.08,138.58,130.85,136.8,136.4628,114111585,0.0,0.0
2023-08-25,127.85,134.97,127.16,130.69,130.3678,103275947,0.0,0.0
2023-08-18,129.85,132.4913,127.0,128.11,127.7942,97136487,0.0,0.0
2023-08-11,129.51,132.647,128.75,130.17,129.8491,85263357,0.0,0.0
2023-08-04,133.01,133.83,127.775,128.54,128.2231,98914665,0.0,0.0
2023-07-28,121.926,134.07,121.38,133.01,132.6821,163252584,0.0,0.0
2023-07-21,126.06,127.28,118.685,120.31,120.0134,148116704,0.0,0.0
2023-07-14,119.07,127.09,115.83,125.7,125.3901,125341893,0.0,0.0
2023-07-07,120.32,123.37,119.2499,120.14,119.8438,70466455,0.0,0.0
2023-06-30,121.4656,122.72,116.91,120.97,120.6718,112549042,0.0,0.0
2023-06-23,123.535,125.175,119.6,123.02,122.7167,95665041,0.0,0.0
2023-06-16,123.395,126.7,122.16,124.06,123.7542,147453173,0.0,0.0
2023-06-09,124.61,129.55,122.01,122.87,122.5671,121430664,0.0,0.0
2023-06-02,126.29,126.745,122.89,125.23,124.9213,113094630,0.0,0.0
2023-05-26,123.51,127.05,120.75,125.43,125.1208,136307872,0.0,0.0
2023-05-19,116.49,126.479,116.48,123.25,122.9462,138420874,0.0,0.0
2023-05-12,105.795,118.44,105.79,117.92,117.6293,177990779,0.0,0.0
2023-05-05,107.72,108.68,104.5,106.215,105.9532,98876972,0.0,0.0
2023-04-28,106.05,109.15,103.27,108.22,107.9532,151642321,0.0,0.0
2023-04-21,105.43,107.05,103.8,105.91,105.6489,108246683,0.0,0.0
2023-04-14,107.39,109.58,104.97,109.46,109.1902,103633797,0.0,0.0
2023-04-06,102.67,109.63,102.38,108.9,108.6315,97645442,0.0,0.0
2023-03-31,105.32,105.4,100.28,104.0,103.7436,129572979,0.0,0.0
2023-03-24,101.06,107.51,100.79,106.06,105.7985,148124420,0.0,0.0
2023-03-17,90.565,103.49,89.94,102.46,102.2074,232908295,0.0,0.0
2023-03-10,94.36,96.3,90.8,91.01,90.7856,135073924,0.0,0.0
2023-03-03,90.09,94.11,89.52,94.02,93.7882,133182150,0.0,0.0
2023-02-24,93.24,93.4149,88.86,89.35,89.1297,121977672,0.0,0.0
2023-02-17,95.01,97.88,92.65,94.59,94.3568,189396696,0.0,0.0
2023-02-10,102.685,108.67,93.86,94.86,94.6262,279981751,0.0,0.0
2023-02-03,98.745,108.82,97.52,105.22,104.9606,156510536,0.0,0.0
2023-01-27,99.13,101.58,95.262,100.71,100.4617,143746418,0.0,0.0
2023-01-20,92.78,99.42,90.84,99.28,99.0353,124989861,0.0,0.0
2023-01-13,89.195,92.98,86.7,92.8,92.5712,113236040,0.0,0.0
2023-01-06,89.83,91.55,85.57,88.16,87.9427,97533652,0.0,0.0
2022-12-30,89.31,89.5,86.3701,88.73,88.5113,70821393,0.0,0.0
2022-12-23,90.88,91.2,86.9401,89.81,89.5886,106804846,0.0,0.0
2022-12-16,93.09,99.8,90.01,90.86,90.636,165406672,0.0,0.0
2022-12-09,99.815,101.7499,93.02,93.07,92.8406,114959586,0.0,0.0
2022-12-02,97.2,102.59,94.39,100.83,100.5814,120683118,0.0,0.0
2022-11-25,97.56,99.0685,94.41,97.6,97.3594,63702402,0.0,0.0
2022-11-18,95.5,100.42,95.1125,97.8,97.5589,127449852,0.0,0.0
2022-11-11,87.34,97.36,86.96,96.73,96.4915,156756091,0.0,0.0
2022-11-04,95.78,96.35,83.45,86.7,86.4863,205326512,0.0,0.0
2022-10-28,102.09,105.0999,91.9,96.58,96.3419,215996225,0.0,0.0
2022-10-21,99.52,104.22,98.23,101.48,101.2298,120609640,0.0,0.0
2022-10-14,99.85,101.29,95.27,97.18,96.9404,110928107,0.0,0.0
2022-10-07,97.22,103.73,97.02,99.57,99.3245,107302624,0.0,0.0
2022-09-30,98.61,101.4,96.03,96.15,95.913,119479277,0.0,0.0
2022-09-23,102.54,104.02,98.01,99.17,98.9255,117139582,0.0,0.0
2022-09-16,111.99,112.64,101.855,103.63,103.3745,165898749,0.0,0.0
2022-09-09,108.135,112.0,106.51,111.78,111.5044,86922394,0.0,0.0
2022-09-02,110.78,111.96,108.13,108.68,108.4121,110196139,0.0,0.0
2022-08-26,116.1,117.78,111.22,111.3,111.0256,96331223,0.0,0.0
2022-08-19,122.21,123.26,117.67,118.12,117.8288,84579291,0.0,0.0
2022-08-12,119.12,122.65,116.56,122.65,122.3476,85775104,0.0,0.0
2022-08-05,115.53,119.5,114.26,118.22,117.9286,97443418,0.0,0.0
2022-07-29,108.88,116.9,104.76,116.64,116.3525,161031217,0.0,0.0
2022-07-22,113.44,116.33,107.6,108.36,108.0929,162742916,0.0,0.0
2022-07-15,2373.0,2375.89,2186.51,2255.34,112.489,7872789,0.0,0.0
2022-07-08,2150.29,2408.7,2124.9901,2403.37,119.8723,6327410,0.0,0.0
2022-07-01,2378.7,2385.0,2142.1,2181.62,108.8121,7442865,0.0,0.0
2022-06-24,2194.04,2372.75,2185.87,2370.76,118.2458,6338224,0.0,0.0
2022-06-17,2148.92,2241.26,2112.5706,2157.31,107.5996,8712953,0.0,0.0
2022-06-10,2334.85,2387.9696,2217.22,2228.55,111.1528,6361793,0.0,0.0
2022-06-03,2261.58,2357.96,2251.45,2291.28,114.2816,6618934,0.0,0.0
2022-05-27,2202.08,2257.36,2044.16,2255.98,112.5209,9502792,0.0,0.0
2022-05-20,2307.68,2344.55,2127.46,2186.26,109.0435,6980949,0.0,0.0
2022-05-13,2266.07,2361.7,2202.27,2330.31,116.2283,8669141,0.0,0.0
2022-05-06,2278.13,2462.86,2267.99,2313.2,115.3749,8151521,0.0,0.0
2022-04-29,2388.59,2465.56,2262.485,2299.33,114.6831,10646302,0.0,0.0
2022-04-22,2548.2,2638.47,2382.81,2392.28,119.3191,6837191,0.0,0.0
2022-04-14,2658.0,2658.7836,2542.23,2545.06,126.9393,4510844,0.0,0.0
2022-04-08,2816.49,2880.875,2675.0501,2680.21,133.6801,4853679,0.0,0.0
2022-04-01,2813.69,2883.25,2775.94,2814.0,140.3532,6324711,0.0,0.0
2022-03-25,2736.95,2839.19,2692.23,2830.43,141.1726,6035647,0.0,0.0
2022-03-18,2611.46,2738.27,2528.26,2736.03,136.4643,8104474,0.0,0.0
2022-03-11,2638.08,2684.0,2517.215,2609.51,130.1539,7877495,0.0,0.0
2022-03-04,2665.69,2734.2759,2608.17,2642.44,131.7963,6126694,0.0,0.0
2022-02-25,2599.7,2707.78,2495.29,2690.39,134.1879,6714187,0.0,0.0
2022-02-18,2667.31,2758.92,2606.1405,2609.35,130.1459,7090337,0.0,0.0
2022-02-11,2874.18,2876.9299,2665.77,2682.6,133.7993,8965972,0.0,0.0
2022-02-04,2683.96,3042.0,2645.48,2860.32,142.6634,14058203,0.0,0.0
2022-01-28,2520.55,2667.41,2492.839,2665.79,132.9609,9586705,0.0,0.0
2022-01-21,2732.0,2767.99,2600.02,2601.84,129.7713,5542521,0.0,0.0
2022-01-14,2701.98,2863.71,2662.81,2795.73,139.4419,6554566,0.0,0.0
2022-01-07,2889.51,2932.2,2715.78,2740.09,136.6668,7312554,0.0,0.0
2021-12-31,2949.27,2968.53,2893.55,2893.59,144.3228,3941922,0.0,0.0
2021-12-23,2813.5919,2971.4519,2805.0,2942.85,146.7798,3603731,0.0,0.0
2021-12-17,2968.88,2971.25,2835.76,2856.06,142.451,7348406,0.0,0.0
2021-12-10,2871.48,2992.1,2812.94,2973.5,148.3085,5231949,0.0,0.0
2021-12-03,2885.97,2937.24,2819.64,2850.41,142.1692,7217530,0.0,0.0
2021-11-26,3002.8352,3014.89,2849.71,2856.12,142.454,3810851,0.0,0.0
2021-11-19,3000.0,3037.0,2967.0,2999.05,149.5828,4762919,0.0,0.0
2021-11-12,3000.0,3020.6899,2906.5,2992.91,149.2766,4370162,0.0,0.0
2021-11-05,2963.3,3011.4145,2871.59,2984.82,148.8731,5782872,0.0,0.0
2021-10-29,2776.21,2982.36,2734.97,2965.41,147.905,8128196,0.0,0.0
2021-10-22,2824.27,2884.955,2743.41,2772.5,138.2833,4742755,0.0,0.0
2021-10-15,2796.0,2844.0,2725.0,2833.5,141.3257,4910199,0.0,0.0
2021-10-08,2713.99,2806.34,2623.33,2801.12,139.7107,5629992,0.0,0.0
2021-10-01,2831.71,2850.0,2660.0,2729.25,136.1261,7556112,0.0,0.0
2021-09-24,2780.0035,2858.07,2741.06,2852.66,142.2814,5367017,0.0,0.0
2021-09-17,2864.02,2911.63,2821.23,2829.27,141.1148,7004342,0.0,0.0
2021-09-10,2894.99,2920.38,2834.83,2838.42,141.5711,3917972,0.0,0.0
2021-09-03,2894.09,2936.4099,2870.1,2895.5,144.4181,5023164,0.0,0.0
2021-08-27,2779.97,2900.22,2774.9586,2891.01,144.1942,4427462,0.0,0.0
2021-08-20,2760.0,2779.81,2707.12,2768.74,138.0957,4406099,0.0,0.0
2021-08-13,2738.98,2776.955,2728.575,2768.12,138.0648,3540233,0.0,0.0
2021-08-06,2709.69,2741.6009,2683.67,2740.72,136.6982,4058399,0.0,0.0
2021-07-30,2765.0,2800.22,2696.284,2704.42,134.8877,8141483,0.0,0.0
2021-07-23,2623.11,2776.17,2570.74,2756.32,137.4763,4975998,0.0,0.0
2021-07-16,2596.67,2659.9199,2592.0,2636.91,131.5205,4146746,0.0,0.0
2021-07-09,2588.99,2612.7983,2560.8,2591.49,129.2551,3646144,0.0,0.0
2021-07-02,2540.0,2576.96,2495.15,2574.38,128.4017,5567985,0.0,0.0
2021-06-25,2514.8,2555.92,2502.685,2539.9,126.6819,5967753,0.0,0.0
2021-06-18,2513.39,2543.93,2482.9994,2511.35,125.258,7496921,0.0,0.0
2021-06-11,2451.32,2526.99,2441.0725,2513.93,125.3866,6276085,0.0,0.0
2021-06-04,2422.0,2453.859,2382.83,2451.76,122.2858,4031119,0.0,0.0
2021-05-28,2367.0,2442.944,2360.11,2411.56,120.2808,6250431,0.0,0.0
2021-05-21,2309.32,2368.9999,2263.52,2345.1,116.9659,5158304,0.0,0.0
2021-05-14,2374.89,2378.0,2230.05,2316.16,115.5225,7317239,0.0,0.0
2021-05-07,2402.72,2419.7,2311.7,2398.69,119.6388,6730430,0.0,0.0
2021-04-30,2319.93,2452.378,2304.27,2410.12,120.2089,9561479,0.0,0.0
2021-04-23,2291.98,2325.82,2256.45,2315.3,115.4796,6009895,0.0,0.0
2021-04-16,2266.25,2306.5965,2238.465,2297.76,114.6048,6246324,0.0,0.0
2021-04-09,2152.94,2289.04,2151.62,2285.88,114.0122,7210396,0.0,0.0
2021-04-01,2027.88,2142.94,2015.62,2137.75,106.624,5425459,0.0,0.0
2021-03-26,2041.84,2078.21,2010.73,2035.55,101.5266,7388549,0.0,0.0
2021-03-19,2062.3,2123.56,2017.68,2043.2,101.9082,7766228,0.0,0.0
2021-03-12,2101.13,2128.81,2021.61,2061.92,102.8419,7578201,0.0,0.0
2021-03-05,2056.52,2118.11,2010.0,2108.54,105.1671,8337115,0.0,0.0
2021-02-26,2067.0,2100.78,2002.02,2036.86,101.5919,8103757,0.0,0.0
2021-02-19,2104.36,2152.68,2097.41,2101.14,104.798,4733557,0.0,0.0
2021-02-12,2105.91,2123.5469,2063.09,2104.11,104.9462,5062914,0.0,0.0
2021-02-05,1853.57,2116.5,1850.93,2098.0,104.6414,11211680,0.0,0.0
2021-01-29,1920.67,1929.58,1809.0,1835.74,91.5607,9374441,0.0,0.0
2021-01-22,1752.25,1934.86,1741.46,1901.05,94.8182,7561036,0.0,0.0
2021-01-15,1786.07,1794.315,1721.55,1736.19,86.5955,6181977,0.0,0.0
2021-01-08,1757.54,1809.84,1699.0,1807.21,90.1377,9965340,0.0,0.0
2020-12-31,1751.635,1792.44,1725.6,1751.88,87.3781,5008727,0.0,0.0
2020-12-24,1713.51,1747.99,1699.0,1738.85,86.7282,4147394,0.0,0.0
2020-12-18,1775.0,1797.39,1720.22,1731.01,86.3371,10237074,0.0,0.0
2020-12-11,1819.0,1834.27,1740.32,1781.77,88.8689,6508322,0.0,0.0
2020-12-04,1781.1844,1847.2,1755.0,1827.99,91.1742,7344925,0.0,0.0
2020-11-27,1749.6,1804.0,1717.72,1793.19,89.4385,5584711,0.0,0.0
2020-11-20,1771.7,1799.07,1737.005,1742.19,86.8948,7130930,0.0,0.0
2020-11-13,1790.9,1818.06,1717.3,1777.02,88.632,8917706,0.0,0.0
2020-11-06,1628.16,1793.64,1616.03,1761.75,87.8703,11495063,0.0,0.0
2020-10-30,1625.01,1687.0,1514.62,1621.01,80.8507,11250141,0.0,0.0
2020-10-23,1580.46,1642.36,1525.67,1641.0,81.8477,9227878,0.0,0.0
2020-10-16,1543.0,1593.86,1532.57,1573.01,78.4566,8990547,0.0,0.0
2020-10-09,1466.21,1516.52,1436.0,1515.22,75.5742,6728209,0.0,0.0
2020-10-02,1474.21,1499.04,1449.3012,1458.42,72.7412,7752219,0.0,0.0
2020-09-25,1440.06,1469.52,1406.55,1444.96,72.0699,8902969,0.0,0.0
2020-09-18,1539.005,1563.9999,1437.13,1459.99,72.8195,9323603,0.0,0.0
2020-09-11,1533.51,1584.081,1497.36,1520.72,75.8486,7601232,0.0,0.0
2020-09-04,1647.89,1733.1799,1547.6125,1591.04,79.3559,11877572,0.0,0.0
2020-08-28,1593.98,1659.22,1580.57,1644.41,82.0178,10484769,0.0,0.0
2020-08-21,1514.67,1597.72,1507.97,1580.42,78.8262,8205109,0.0,0.0
2020-08-14,1487.18,1537.25,1473.08,1507.73,75.2007,6991958,0.0,0.0
2020-08-07,1486.64,1516.845,1458.65,1494.49,74.5403,9788154,0.0,0.0
2020-07-31,1515.6,1540.97,1454.03,1482.96,73.9652,9155120,0.0,0.0
2020-07-24,1515.26,1586.99,1488.4,1511.87,75.4071,6834260,0.0,0.0
2020-07-17,1550.0,1577.132,1483.5,1515.55,75.5907,8168841,0.0,0.0
2020-07-10,1480.06,1543.83,1472.86,1541.74,76.897,7552470,0.0,0.0
2020-07-02,1358.18,1482.95,1347.01,1464.7,73.0545,7487964,0.0,0.0
2020-06-26,1429.0,1475.941,1351.99,1359.9,67.8274,10226398,0.0,0.0
2020-06-19,1390.8,1460.0,1387.92,1431.72,71.4095,9507116,0.0,0.0
2020-06-12,1422.34,1474.259,1386.02,1413.18,70.4848,8276279,0.0,0.0
2020-06-05,1418.39,1446.552,1404.73,1438.39,71.7422,6970970,0.0,0.0
2020-05-29,1437.27,1441.0,1391.29,1428.92,71.2699,7278820,0.0,0.0
2020-05-22,1361.75,1415.49,1354.25,1410.42,70.3472,7447416,0.0,0.0
2020-05-15,1378.28,1416.53,1323.91,1373.19,68.4902,7926125,0.0,0.0
2020-05-08,1308.23,1398.76,1299.0,1388.37,69.2474,7158800,0.0,0.0
2020-05-01,1296.0,1359.99,1232.2,1320.61,65.8677,13087047,0.0,0.0
2020-04-24,1271.0,1293.31,1209.71,1279.31,63.8078,9148228,0.0,0.0
2020-04-17,1209.18,1294.43,1187.598,1283.25,64.0043,10349025,0.0,0.0
2020-04-09,1138.0,1225.57,1130.94,1211.45,60.4232,9202608,0.0,0.0
2020-04-03,1125.04,1175.31,1079.81,1097.88,54.7587,11684498,0.0,0.0
2020-03-27,1061.32,1169.97,1013.536,1110.71,55.3986,18252365,0.0,0.0
2020-03-20,1096.0,1157.97,1037.28,1072.32,53.4838,19600145,0.0,0.0
2020-03-13,1205.3,1281.15,1113.3,1219.73,60.8362,16514840,0.0,0.0
2020-03-06,1351.61,1410.15,1261.05,1298.41,64.7605,11969025,0.0,0.0
2020-02-28,1426.11,1438.14,1271.0,1339.33,66.8014,14318286,0.0,0.0
2020-02-21,1515.0,1532.106,1480.44,1485.11,74.0724,4899233,0.0,0.0
2020-02-14,1474.32,1529.63,1474.32,1520.74,75.8496,6059640,0.0,0.0
2020-02-07,1462.0,1490.0,1426.3,1479.23,73.7792,11825981,0.0,0.0
2020-01-31,1431.0,1470.13,1421.2,1434.23,71.5347,8167925,0.0,0.0
2020-01-24,1479.12,1503.214,1465.25,1466.71,73.1547,6755674,0.0,0.0
2020-01-17,1436.13,1481.295,1426.02,1480.39,73.837,7791327,0.0,0.0
2020-01-10,1350.0,1434.929,1350.0,1429.73,71.3103,8098249,0.0,0.0
2020-01-03,1350.0,1372.5,1329.085,1360.66,67.8653,4607528,0.0,0.0
2019-12-27,1355.87,1364.53,1342.78,1351.89,67.4279,2937190,0.0,0.0
2019-12-20,1356.5,1365.0,1348.985,1349.59,67.3132,9696796,0.0,0.0
2019-12-13,1338.04,1359.45,1336.04,1347.83,67.2254,6132994,0.0,0.0
2019-12-06,1301.0,1344.0,1279.0,1340.62,66.8658,6846936,0.0,0.0
2019-11-29,1299.18,1318.36,1298.13,1304.96,65.0872,3689592,0.0,0.0
2019-11-22,1332.22,1335.529,1291.15,1295.34,64.6073,6449295,0.0,0.0
2019-11-15,1303.18,1334.88,1293.51,1334.87,66.579,5929409,0.0,0.0
2019-11-08,1276.45,1323.74,1276.355,1311.37,65.4069,7218538,0.0,0.0
2019-11-01,1275.45,1299.31,1250.843,1273.74,63.53,8945930,0.0,0.0
2019-10-25,1252.26,1269.6,1240.6,1265.13,63.1006,5256115,0.0,0.0
2019-10-18,1212.34,1263.325,1211.76,1245.49,62.121,5747906,0.0,0.0
2019-10-11,1204.4,1228.39,1189.01,1215.45,60.6227,5095240,0.0,0.0
2019-10-04,1220.97,1231.23,1162.43,1209.0,60.301,7264112,0.0,0.0
2019-09-27,1226.0,1248.3,1210.09,1225.09,61.1035,7177228,0.0,0.0
2019-09-20,1229.52,1244.44,1216.53,1229.93,61.3449,6493168,0.0,0.0
2019-09-13,1204.0,1241.86,1192.62,1239.56,61.8252,7066286,0.0,0.0
2019-09-06,1177.03,1213.04,1163.2,1204.93,60.098,5030132,0.0,0.0
2019-08-30,1157.26,1198.5,1152.96,1188.1,59.2586,5293625,0.0,0.0
2019-08-23,1190.09,1206.99,1147.75,1151.29,57.4226,5525352,0.0,0.0
2019-08-16,1179.21,1204.78,1160.54,1177.6,58.7349,6474039,0.0,0.0
2019-08-09,1170.04,1205.01,1140.14,1188.01,59.2541,8284808,0.0,0.0
2019-08-02,1241.05,1247.37,1188.94,1193.99,59.5523,8746025,0.0,0.0
2019-07-26,1133.45,1265.55,1120.92,1250.41,62.3664,11001268,0.0,0.0
2019-07-19,1146.86,1158.58,1129.62,1130.1,56.3657,6251160,0.0,0.0
2019-07-12,1125.17,1153.07,1107.17,1144.9,57.1039,5835797,0.0,0.0
2019-07-05,1098.0,1132.88,1093.703,1131.59,56.44,4461810,0.0,0.0
2019-06-28,1119.61,1122.0,1072.24,1080.91,53.9123,7451405,0.0,0.0
2019-06-21,1086.28,1124.11,1086.28,1121.88,55.9557,6877106,0.0,0.0
2019-06-14,1072.98,1101.99,1067.54,1085.35,54.1337,6132209,0.0,0.0
2019-06-07,1065.5,1070.92,1025.0,1066.04,53.1706,13638112,0.0,0.0
2019-05-31,1134.0,1151.587,1100.18,1103.63,55.0455,5363454,0.0,0.0
2019-05-24,1144.5,1158.52,1129.224,1133.47,56.5338,5739930,0.0,0.0
2019-05-17,1141.96,1188.16,1116.666,1162.3,57.9717,8726581,0.0,0.0
2019-05-10,1166.26,1190.85,1142.5,1164.27,58.07,6925344,0.0,0.0
2019-05-03,1274.0,1289.27,1155.002,1185.4,59.1239,15274912,0.0,0.0
2019-04-26,1235.99,1273.07,1228.31,1272.18,63.4522,5494720,0.0,0.0
2019-04-18,1218.0,1242.0,1209.11,1236.37,61.6661,4597576,0.0,0.0
2019-04-12,1207.89,1218.35,1193.08,1217.87,60.7434,4105412,0.0,0.0
2019-04-05,1184.1,1216.3,1182.0,1207.15,60.2087,4956467,0.0,0.0
2019-03-29,1196.93,1206.398,1159.37,1173.31,58.5209,7080648,0.0,0.0
2019-03-22,1183.3,1231.79,1177.421,1205.5,60.1264,7959399,0.0,0.0
2019-03-15,1144.45,1200.93,1144.45,1184.46,59.077,8801015,0.0,0.0
2019-03-08,1146.99,1169.61,1123.3,1142.32,56.9752,6367558,0.0,0.0
2019-03-01,1116.0,1142.97,1099.92,1140.99,56.9089,6846489,0.0,0.0
2019-02-22,1110.0,1123.41,1092.52,1110.37,55.3816,4599463,0.0,0.0
2019-02-15,1096.95,1134.73,1092.86,1113.65,55.5452,6121950,0.0,0.0
2019-02-08,1112.66,1147.0,1086.0,1095.06,54.618,11354852,0.0,0.0
2019-02-01,1080.11,1125.0,1055.865,1110.75,55.4006,6586454,0.0,0.0
2019-01-25,1088.0,1094.0,1059.75,1090.99,54.415,5061372,0.0,0.0
2019-01-18,1046.92,1108.352,1041.255,1098.26,54.7776,7137875,0.0,0.0
2019-01-11,1071.5,1084.56,1048.48,1057.19,52.7292,7923590,0.0,0.0
2019-01-04,1050.96,1070.84,1014.07,1070.71,53.4035,6961290,0.0,0.0
2018-12-28,973.9,1055.56,970.11,1037.08,51.7262,7487147,0.0,0.0
2018-12-21,1037.51,1062.0,973.69,979.54,48.8563,14326590,0.0,0.0
2018-12-14,1035.05,1081.65,1023.29,1042.1,51.9766,7742647,0.0,0.0
2018-12-07,1123.14,1124.65,1028.5,1036.58,51.7012,9206355,0.0,0.0
2018-11-30,1038.35,1095.57,1033.91,1094.43,54.5866,10270876,0.0,0.0
2018-11-23,1057.2,1060.79,996.02,1023.88,51.0678,6533480,0.0,0.0
2018-11-16,1061.39,1071.85,1031.0,1061.49,52.9437,8045605,0.0,0.0
2018-11-09,1055.0,1095.46,1021.24,1066.15,53.1761,8564587,0.0,0.0
2018-11-02,1082.47,1097.04,995.83,1057.79,52.7591,12944170,0.0,0.0
2018-10-26,1103.06,1112.23,1034.09,1071.47,53.4414,12078729,0.0,0.0
2018-10-19,1108.91,1128.99,1077.09,1096.46,54.6879,8130332,0.0,0.0
2018-10-12,1150.11,1168.0,1068.27,1110.08,55.3672,10968284,0.0,0.0
2018-10-05,1199.89,1209.96,1145.12,1157.35,57.7248,7695674,0.0,0.0
2018-09-28,1157.17,1202.1,1146.91,1193.47,59.5264,6352384,0.0,0.0
2018-09-21,1170.14,1192.21,1154.03,1166.09,58.1608,9332565,0.0,0.0
2018-09-14,1172.19,1180.425,1156.24,1172.53,58.482,5996025,0.0,0.0
2018-09-07,1204.27,1212.99,1152.0,1164.83,58.0979,7182225,0.0,0.0
2018-08-31,1227.6,1253.635,1211.285,1218.19,60.7593,6917439,0.0,0.0
2018-08-24,1205.02,1221.65,1194.626,1220.65,60.882,4903185,0.0,0.0
2018-08-17,1236.98,1249.273,1188.24,1200.96,59.9,6907160,0.0,0.0
2018-08-10,1225.0,1256.5,1215.797,1237.61,61.728,5904136,0.0,0.0
2018-08-03,1228.01,1234.916,1204.79,1223.71,61.0347,7683085,0.0,0.0
2018-07-27,1181.01,1273.89,1181.0,1238.5,61.7723,12613633,0.0,0.0
2018-07-20,1189.39,1204.5,1170.6,1184.91,59.0994,6584688,0.0,0.0
2018-07-13,1148.48,1195.417,1141.0,1188.82,59.2945,5301330,0.0,0.0
2018-07-06,1099.0,1140.93,1093.8,1140.17,56.868,3959109,0.0,0.0
2018-06-29,1143.6,1143.91,1096.01,1115.65,55.645,7401986,0.0,0.0
2018-06-22,1143.65,1186.286,1143.59,1155.48,57.6316,7232331,0.0,0.0
2018-06-15,1118.6,1155.47,1118.6,1152.26,57.471,6971063,0.0,0.0
2018-06-08,1122.33,1145.738,1112.15,1120.87,55.9053,8076664,0.0,0.0
2018-06-01,1064.89,1120.0,1055.22,1119.5,55.837,8513499,0.0,0.0
2018-05-25,1074.06,1088.0,1061.71,1075.66,53.6504,4840075,0.0,0.0
2018-05-18,1100.0,1110.75,1060.68,1066.36,53.1866,6719272,0.0,0.0
2018-05-11,1049.23,1101.33,1047.1,1098.26,54.7776,7413294,0.0,0.0
2018-05-04,1030.01,1048.51,1006.29,1048.21,52.2813,8455908,0.0,0.0
2018-04-27,1077.86,1082.72,1010.59,1030.05,51.3755,13191952,0.0,0.0
2018-04-20,1037.0,1094.165,1026.74,1072.96,53.5157,8512969,0.0,0.0
2018-04-13,1016.8,1046.42,1011.34,1029.27,51.3366,7847494,0.0,0.0
2018-04-06,1022.82,1042.79,990.37,1007.04,50.2279,10549606,0.0,0.0
2018-03-29,1046.0,1064.839,980.64,1031.79,51.4623,11683961,0.0,0.0
2018-03-23,1120.01,1121.99,1021.22,1021.57,50.9526,10457958,0.0,0.0
2018-03-16,1163.85,1177.05,1131.96,1135.73,56.6465,9029817,0.0,0.0
2018-03-09,1075.14,1160.8,1069.0,1160.04,57.859,7342745,0.0,0.0
2018-03-02,1127.8,1144.04,1048.115,1078.92,53.813,9879470,0.0,0.0
2018-02-23,1090.57,1133.97,1088.52,1126.79,56.2006,5339418,0.0,0.0
2018-02-16,1048.0,1104.67,1040.928,1094.8,54.6051,8206323,0.0,0.0
2018-02-09,1090.6,1110.0,992.56,1037.78,51.7611,15017278,0.0,0.0
2018-02-02,1176.48,1186.89,1107.278,1111.9,55.4579,10919339,0.0,0.0
2018-01-26,1137.49,1179.86,1135.11,1175.84,58.6471,7285183,0.0,0.0
2018-01-19,1132.51,1139.91,1117.01,1137.51,56.7353,5195629,0.0,0.0
2018-01-12,1102.23,1124.29,1096.11,1122.26,55.9747,5603488,0.0,0.0
2018-01-05,1048.34,1104.25,1045.23,1102.23,54.9756,4840691,0.0,0.0
2017-12-29,1058.07,1060.12,1044.77,1046.4,52.191,3668665,0.0,0.0
2017-12-22,1066.08,1078.49,1059.44,1060.12,52.8753,5761412,0.0,0.0
2017-12-15,1035.5,1067.62,1032.05,1064.19,53.0783,8284597,0.0,0.0
2017-12-08,1012.66,1042.05,988.28,1037.05,51.7247,7834622,0.0,0.0
2017-12-01,1040.0,1062.38,1002.02,1010.17,50.384,8696086,0.0,0.0
2017-11-24,1020.26,1043.18,1017.5,1040.61,51.9022,3232178,0.0,0.0
2017-11-17,1023.42,1035.92,1014.15,1019.09,50.8289,5165760,0.0,0.0
2017-11-10,1028.99,1043.52,1019.67,1028.07,51.2768,5111358,0.0,0.0
2017-11-03,1014.0,1032.65,1007.5,1032.48,51.4967,6826707,0.0,0.0
2017-10-27,989.52,1048.39,960.5201,1019.27,50.8379,10536364,0.0,0.0
2017-10-20,992.1,996.72,978.39,988.2,49.2882,5592464,0.0,0.0
2017-10-13,980.0,997.21,966.0801,989.68,49.362,5909839,0.0,0.0
2017-10-06,959.98,979.46,947.84,978.89,48.8238,5329768,0.0,0.0
2017-09-29,925.45,959.7864,909.7,959.11,47.8373,8171469,0.0,0.0
2017-09-22,920.01,936.53,910.6,928.53,46.3121,5930244,0.0,0.0
2017-09-15,934.25,938.38,916.36,920.29,45.9011,7297681,0.0,0.0
2017-09-08,933.08,937.0,919.27,926.5,46.2108,4865060,0.0,0.0
2017-09-01,916.0,942.48,905.0,937.34,46.7515,6001425,0.0,0.0
2017-08-25,910.0,930.84,903.4,915.89,45.6816,5415851,0.0,0.0
2017-08-18,922.53,932.7,907.1543,910.67,45.4213,5462037,0.0,0.0
2017-08-11,929.06,935.814,905.58,914.39,45.6068,6133875,0.0,0.0
2017-08-04,941.89,943.59,916.68,927.96,46.2836,7178897,0.0,0.0
2017-07-28,972.22,986.2,920.0,941.53,46.9604,14187107,0.0,0.0
2017-07-21,957.0,975.9,949.2407,972.92,48.5261,6727176,0.0,0.0
2017-07-14,921.77,956.91,919.59,955.99,47.6817,6097762,0.0,0.0
2017-07-07,912.18,921.54,894.79,918.59,45.8163,6451253,0.0,0.0
2017-06-30,969.9,973.31,908.31,908.73,45.3245,12131348,0.0,0.0
2017-06-23,949.96,966.0,949.05,965.59,48.1605,6132754,0.0,0.0
2017-06-16,939.56,961.15,915.2328,939.78,46.8732,12181318,0.0,0.0
2017-06-09,976.55,988.25,935.63,949.83,47.3744,9170189,0.0,0.0
2017-06-02,970.31,979.27,960.01,975.6,48.6597,7002687,0.0,0.0
2017-05-26,935.0,974.98,935.0,971.47,48.4538,6233768,0.0,0.0
2017-05-19,932.95,943.11,918.14,934.01,46.5854,7343050,0.0,0.0
2017-05-12,926.12,937.5,923.0301,932.22,46.4961,5933982,0.0,0.0
2017-05-05,901.94,935.93,901.45,927.13,46.2422,8409127,0.0,0.0
2017-04-28,851.2,916.85,849.86,905.96,45.1863,9108988,0.0,0.0
2017-04-21,825.01,845.2,824.47,843.19,42.0556,4968681,0.0,0.0
2017-04-13,825.39,829.35,817.0201,823.56,41.0765,4081479,0.0,0.0
2017-04-07,829.22,842.45,820.5127,824.67,41.1319,6583319,0.0,0.0
2017-03-31,806.95,833.68,803.37,829.56,41.3757,7759085,0.0,0.0
2017-03-24,850.01,853.5,808.89,814.43,40.6211,10564532,0.0,0.0
2017-03-17,844.0,853.4,840.77,852.12,42.501,6079350,0.0,0.0
2017-03-10,826.95,844.91,822.4,843.25,42.0586,6101981,0.0,0.0
2017-03-03,824.55,836.255,820.2,829.08,41.3518,6697629,0.0,0.0
2017-02-24,828.66,833.45,822.88,828.64,41.3299,5114558,0.0,0.0
2017-02-17,816.0,828.07,815.49,828.07,41.3014,6480338,0.0,0.0
2017-02-10,799.7,815.25,795.2501,813.67,40.5832,5707061,0.0,0.0
2017-02-03,814.66,815.84,790.52,801.49,39.9757,10432459,0.0,0.0
2017-01-27,807.25,841.95,803.74,823.31,41.064,11004604,0.0,0.0
2017-01-20,807.08,809.48,800.37,805.02,40.1518,5245892,0.0,0.0
2017-01-13,806.4,811.2244,799.17,807.88,40.2944,5969633,0.0,0.0
2017-01-06,778.81,807.9,775.8,806.15,40.2081,5705563,0.0,0.0
2016-12-30,790.68,797.86,770.41,771.82,38.4959,4457367,0.0,0.0
2016-12-23,790.22,798.65,786.27,789.91,39.3981,4990560,0.0,0.0
2016-12-16,785.04,804.3799,784.3554,790.8,39.4425,10023771,0.0,0.0
2016-12-09,757.71,789.43,752.9,789.29,39.3672,8155851,0.0,0.0
2016-12-02,760.0,779.53,737.0245,750.5,37.4325,10668090,0.0,0.0
2016-11-25,762.61,776.96,755.25,761.68,37.9901,4989585,0.0,0.0
2016-11-18,755.6,775.0,727.54,760.54,37.9333,10362173,0.0,0.0
2016-11-11,774.5,795.633,750.38,754.02,37.6081,12736062,0.0,0.0
2016-11-04,795.47,796.86,750.5611,762.02,38.0071,10830041,0.0,0.0
2016-10-28,804.9,816.68,791.5,795.37,39.6705,11940774,0.0,0.0
2016-10-21,779.8,804.63,777.5,799.37,39.87,7940383,0.0,0.0
2016-10-14,777.71,792.28,773.0,778.53,38.8305,5702583,0.0,0.0
2016-10-07,774.25,782.07,769.5,775.08,38.6585,5945172,0.0,0.0
2016-09-30,782.74,785.9899,773.07,777.29,38.7687,6696366,0.0,0.0
2016-09-23,772.42,789.85,764.4406,786.9,39.248,6217425,0.0,0.0
2016-09-16,755.13,773.8,754.0001,768.88,38.3492,7196611,0.0,0.0
2016-09-09,773.45,782.73,759.66,759.66,37.8894,5492603,0.0,0.0
2016-09-02,768.74,774.99,764.3,771.46,38.4779,5223939,0.0,0.0
2016-08-26,773.27,776.44,763.1846,769.54,38.3821,5045157,0.0,0.0
2016-08-19,783.75,787.49,773.13,775.42,38.6754,4471434,0.0,0.0
2016-08-12,782.0,789.75,778.091,783.22,39.0645,4928725,0.0,0.0
2016-08-05,761.09,783.04,761.09,782.22,39.0146,8713875,0.0,0.0
2016-07-29,740.67,778.55,734.27,768.79,38.3447,11103338,0.0,0.0
2016-07-22,722.71,743.24,721.19,742.74,37.0455,6098762,0.0,0.0
2016-07-15,708.05,725.74,707.24,719.85,35.9038,5614091,0.0,0.0
2016-07-08,696.06,705.71,688.215,705.63,35.1945,5753907,0.0,0.0
2016-07-01,671.0,700.65,663.284,699.21,34.8743,9689832,0.0,0.0
2016-06-24,698.77,702.77,673.45,675.22,33.6778,11352927,0.0,0.0
2016-06-17,716.51,725.44,688.4515,691.72,34.5007,9164340,0.0,0.0
2016-06-10,724.91,729.54,714.61,719.41,35.8818,6691871,0.0,0.0
2016-06-03,731.74,739.73,720.56,722.34,36.028,5951198,0.0,0.0
2016-05-27,706.53,733.936,704.18,732.66,36.5427,8443971,0.0,0.0
2016-05-20,709.13,721.52,696.8,709.74,35.3995,8583751,0.0,0.0
2016-05-13,712.0,724.48,709.0,710.83,35.4539,7447774,0.0,0.0
2016-05-06,697.63,711.86,689.01,711.12,35.4683,8395373,0.0,0.0
2016-04-29,716.1,725.766,689.0,693.01,34.5651,13157281,0.0,0.0
2016-04-22,760.46,769.9,713.61,718.77,35.8499,14131019,0.0,0.0
2016-04-15,743.02,761.0,731.01,759.0,37.8564,7225324,0.0,0.0
2016-04-08,750.06,752.8,735.37,739.15,36.8664,6064369,0.0,0.0
2016-04-01,736.79,757.88,728.76,749.91,37.4031,8283055,0.0,0.0
2016-03-24,736.5,745.7199,731.0,735.3,36.6744,6133242,0.0,0.0
2016-03-18,726.81,743.07,724.51,737.6,36.7891,9905130,0.0,0.0
2016-03-11,706.9,726.92,685.34,726.82,36.2514,11272352,0.0,0.0
2016-03-04,700.32,720.0,697.68,710.89,35.4569,10191618,0.0,0.0
2016-02-26,707.45,713.43,680.78,705.07,35.1666,9808357,0.0,0.0
2016-02-19,692.98,712.35,685.05,700.91,34.9591,8485184,0.0,0.0
2016-02-12,667.85,701.31,663.06,682.4,34.0359,15659692,0.0,0.0
2016-02-05,750.46,789.8699,680.15,683.57,34.0942,27932736,0.0,0.0
2016-01-29,723.58,744.9899,694.39,742.95,37.0559,11388350,0.0,0.0
2016-01-22,703.3,728.13,673.26,725.25,36.1731,10137048,0.0,0.0
2016-01-15,716.61,734.74,685.37,694.45,34.6369,12450737,0.0,0.0
2016-01-08,743.0,752.0,713.0,714.47,35.6354,12585099,0.0,0.0
2015-12-31,752.92,779.98,749.52,758.88,37.8505,6075172,0.0,0.0
2015-12-24,746.13,754.85,740.0,748.4,37.3278,4985172,0.0,0.0
2015-12-18,741.79,762.68,724.17,739.31,36.8744,11782877,0.0,0.0
2015-12-11,767.77,768.73,736.75,738.87,36.8524,10554569,0.0,0.0
2015-12-04,748.81,775.955,741.27,766.81,38.246,11810542,0.0,0.0
2015-11-27,757.45,762.7075,737.63,750.26,37.4205,5710334,0.0,0.0
2015-11-20,715.6,757.92,711.33,756.6,37.7367,8638048,0.0,0.0
2015-11-13,730.2,741.0,716.73,717.0,35.7616,8957454,0.0,0.0
2015-11-06,711.06,739.48,705.85,733.76,36.5976,8531478,0.0,0.0
2015-10-30,701.55,719.15,701.26,710.81,35.4529,10506067,0.0,0.0
2015-10-23,661.18,730.0,641.73,702.0,35.0135,16494604,0.0,0.0
2015-10-16,642.09,664.97,639.01,662.2,33.0284,7996152,0.0,0.0
2015-10-09,632.0,650.609,625.56,643.61,32.1012,9964021,0.0,0.0
2015-10-02,610.34,627.34,589.38,626.91,31.2682,12305428,0.0,0.0
2015-09-25,634.4,636.49,611.0,611.97,30.5231,10236431,0.0,0.0
2015-09-18,625.7,650.9,619.43,629.25,31.3849,12481198,0.0,0.0
2015-09-11,612.49,626.52,604.12,625.77,31.2114,7260453,0.0,0.0
2015-09-04,627.54,635.8,594.1,600.7,29.961,12303487,0.0,0.0
2015-08-28,573.0,643.59,565.05,630.38,31.4413,19014228,0.0,0.0
2015-08-21,656.8,667.0,612.33,612.48,30.5485,11762338,0.0,0.0
2015-08-14,639.48,674.9,631.249,657.12,32.775,12662021,0.0,0.0
2015-08-07,625.34,647.86,625.34,635.3,31.6867,7780516,0.0,0.0
2015-07-31,621.0,635.22,620.5,625.61,31.2034,9158129,0.0,0.0
2015-07-24,659.24,678.64,622.52,623.56,31.1011,19822233,0.0,0.0
2015-07-17,532.88,674.468,532.4001,672.93,33.5636,23168356,0.0,0.0
2015-07-10,519.5,532.56,515.18,530.13,26.4412,7973482,0.0,0.0
2015-07-02,525.01,528.61,518.2305,523.4,26.1055,7370673,0.0,0.0
2015-06-26,539.59,543.74,531.35,531.69,26.519,7179167,0.0,0.0
2015-06-19,528.0,538.25,524.0,536.69,26.7683,7725338,0.0,0.0
2015-06-12,533.31,538.98,523.01,532.33,26.5509,6967688,0.0,0.0
2015-06-05,536.79,543.5,529.76,533.33,26.6008,8296914,0.0,0.0
2015-05-29,538.12,540.61,529.88,532.11,26.5399,7558787,0.0,0.0
2015-05-22,532.01,544.19,528.85,540.11,26.9389,8040103,0.0,0.0
2015-05-15,538.37,541.98,525.26,533.85,26.6267,7167800,0.0,0.0
2015-05-08,538.53,544.07,521.085,538.22,26.8447,7331908,0.0,0.0
2015-05-01,563.39,565.95,532.1,537.9,26.8287,9438178,0.0,0.0
2015-04-24,525.6,571.14,524.5,565.06,28.1834,14196810,0.0,0.0
2015-04-17,538.41,544.06,521.01,524.05,26.1379,9992623,0.0,0.0
2015-04-10,532.22,543.85,529.57,540.01,26.9339,6754557,0.0,0.0
2015-04-02,551.62,554.71,533.8467,535.53,26.7105,6537090,0.0,0.0
2015-03-27,560.43,574.59,548.13,548.34,27.3494,9822578,0.0,0.0
2015-03-20,550.95,561.72,546.0,560.36,27.9489,9369516,0.0,0.0
2015-03-13,566.86,570.27,544.22,547.32,27.2985,7747100,0.0,0.0
2015-03-06,560.53,577.91,558.75,567.685,28.3143,8735953,0.0,0.0
2015-02-27,536.05,564.71,528.25,558.4,27.8512,8986113,0.0,0.0
2015-02-20,546.83,550.0,535.8,538.95,26.8811,5490218,0.0,0.0
2015-02-13,528.0,549.91,526.02,549.01,27.3828,7894272,0.0,0.0
2015-02-06,531.73,537.2,518.55,531.0,26.4845,10137523,0.0,0.0
2015-01-30,538.53,539.87,501.2,534.52,26.6601,14883499,0.0,0.0
2015-01-23,511.0,542.17,506.016,539.95,26.9309,9433420,0.0,0.0
2015-01-16,494.94,508.19,487.56,508.08,25.3414,11919169,0.0,0.0
2015-01-09,523.26,524.33,491.0,496.17,24.7473,12404905,0.0,0.0
2015-01-02,532.19,535.48,524.1,524.81,26.1758,5968508,0.0,0.0
2014-12-26,516.08,534.56,516.08,534.03,26.6357,6656928,0.0,0.0
2014-12-19,522.74,523.1,489.0,516.35,25.7539,16240316,0.0,0.0
2014-12-12,527.13,536.33,518.66,518.66,25.8691,9515311,0.0,0.0
2014-12-05,538.9,541.41,524.28,525.26,26.1983,8862225,0.0,0.0
2014-11-28,537.65,543.98,535.62,541.83,27.0247,6151383,0.0,0.0
2014-11-21,543.58,543.79,530.08,537.5,26.8087,8844766,0.0,0.0
2014-11-14,541.46,551.9399,541.02,544.4,27.1529,5844716,0.0,0.0
2014-11-07,555.5,557.9,538.67,541.01,26.9838,7604875,0.0,0.0
2014-10-31,537.03,559.57,537.03,559.08,27.8851,7710006,0.0,0.0
2014-10-24,509.45,547.22,508.1,539.78,26.9225,12172562,0.0,0.0
2014-10-17,544.99,549.5,508.53,511.17,25.4955,17737539,0.0,0.0
2014-10-10,578.8,581.0,544.05,544.49,27.1574,10703962,0.0,0.0
2014-10-03,571.75,579.85,563.32,575.28,28.6931,6658611,0.0,0.0
2014-09-26,593.82,593.949,574.18,577.1,28.7839,8228835,0.0,0.0
2014-09-19,572.94,596.48,568.21,596.08,29.7305,9924700,0.0,0.0
2014-09-12,586.6,591.77,574.46,575.62,28.7101,6500500,0.0,0.0
2014-09-05,571.85,586.55,571.19,586.08,29.2318,5868000,0.0,0.0
2014-08-29,584.72,585.0,567.0692,571.6,28.5095,7061800,0.0,0.0
2014-08-22,576.11,587.34,576.0,582.56,29.0562,4989700,0.0,0.0
2014-08-15,569.99,579.38,560.88,573.48,28.6033,6684900,0.0,0.0
2014-08-08,569.04,575.35,560.0,568.77,28.3684,6899700,0.0,0.0
2014-08-01,588.07,592.5,562.85,566.07,28.2337,7390900,0.0,0.0
2014-07-25,591.75,599.65,585.2326,589.02,29.3784,6943000,0.0,0.0
2014-07-18,582.6,596.8,568.61,595.08,29.6807,11872400,0.0,0.0
2014-07-11,583.76,586.4299,565.01,579.18,28.8876,7050000,0.0,0.0
2014-07-03,578.66,585.4399,574.75,584.73,29.1644,4519900,0.0,0.0
2014-06-27,555.15,582.45,554.25,577.24,28.7909,9665700,0.0,0.0
2014-06-20,549.26,557.58,539.33,556.36,27.7494,11821600,0.0,0.0
2014-06-13,557.15,563.6,545.56,551.76,27.52,6580300,0.0,0.0
2014-06-06,560.7,560.9,538.75,556.33,27.7479,8520600,0.0,0.0
2014-05-30,556.0,567.84,554.35,559.89,27.9255,6862600,0.0,0.0
2014-05-23,519.7,553.64,517.583,552.7,27.5669,7785500,0.0,0.0
2014-05-16,523.51,536.07,515.44,520.63,25.9673,7925600,0.0,0.0
2014-05-09,524.82,528.9,503.3,518.73,25.8726,10369800,0.0,0.0
2014-05-02,517.18,533.9999,502.8,527.93,26.3314,11348700,0.0,0.0
2014-04-25,536.1,537.23,515.42,516.18,25.7454,10937900,0.0,0.0
2014-04-17,538.25,557.0,518.4601,536.1,26.7389,18083300,0.0,0.0
2014-04-11,540.74,565.37,526.53,530.6,26.4646,18793800,0.0,0.0
2014-04-04,566.89,604.83,543.0,543.14,27.0901,11602500,0.0,0.0
